{
  "clean_acc": 0.9504249291784702,
  "attacks": {
    "fgsm": {
      "robust_acc": 0.2414307004470939,
      "per_class_asr": {
        "0": 0.8189,
        "1": 1.0,
        "2": 0.0271
      }
    },
    "pgd": {
      "robust_acc": 0.040268456375838924,
      "per_class_asr": {
        "0": 1.0,
        "1": 1.0,
        "2": 0.7957
      }
    },
    "advgan": {
      "robust_acc": 0.9172876304023845,
      "per_class_asr": {
        "0": 0.0025,
        "1": 0.1527,
        "2": 0.0233
      }
    }
  }
}